1;WORLD;900;5744213;6143494;6541907;6956824;7379797;7794799;2680895;2892142;3093434;3296485;3507704;3720696;3929974;2646336;2852071;3050060;3245422;3449120;3659101;3864825
2;Sub-Saharan Africa;947;560759;639661;729733;836364;958577;1094366;244051;278800;318001;362946;416386;477837;546156;246554;281960;321660;366787;419978;480740;548210
3;Northern Africa and Western Asia;1833;323178;355882;391986;435367;481520;525869;145659;163624;179942;199133;222727;246800;270179;142402;159554;175940;192852;212640;234720;255690
4;Central and Southern Asia;921;1376200;1511915;1647074;1775361;1896327;2014709;640532;711481;781527;851430;916462;977497;1037598;599453;664718;730389;795644;858898;918830;977111
5;Eastern and South-Eastern Asia;1832;1950220;2044789;2125348;2201807;2279490;2346709;933103;989642;1037057;1078363;1117990;1156649;1189407;904696;960578;1007732;1046986;1083816;1122841;1157302
6;Latin America and the Caribbean;1830;483018;521836;557501;591352;623934;653962;219608;238982;257773;274945;291416;307137;321629;223232;244036;264064;282556;299936;316797;332334
7;Oceania (excluding Australia and New Zealand);1835;7722;8575;9376;10348;11312;12356;3541;3934;4362;4770;5264;5760;6295;3399;3788;4213;4606;5084;5552;6061
8;Australia and New Zealand;927;21668;22850;24314;26525;28547;30322;10128;10762;11368;12096;13225;14194;15069;10231;10906;11483;12218;13300;14353;15253
9;Europe and Northern America;1829;1021448;1037985;1056575;1079700;1100090;1116506;484274;494916;503406;512802;524233;534822;543641;516370;526532;534579;543773;555468;565268;572864
10;Developed regions;901;1169481;1188359;1209215;1234768;1256622;1273304;555759;567868;577398;587784;600332;611553;620463;589749;601614;610962;621431;634435;645069;652841
11;Less developed regions;902;4574731;4955134;5332692;5722056;6123175;6521494;2125137;2324274;2516036;2708701;2907371;3109143;3309511;2056587;2250458;2439098;2623991;2814685;3014031;3211984
12; Less developed regions, excluding least developed countries;934;3995050;4297919;4588501;4885441;5182043;5464056;1872569;2034700;2188232;2337588;2490940;2641219;2783494;1802879;1960350;2109687;2250914;2394502;2540824;2680562
13; Less developed regions, excluding China;948;3305985;3635583;3971957;4322553;4684981;5050208;1507663;1673436;1839235;2010240;2188768;2371247;2555677;1470626;1632549;1796348;1961718;2133785;2313734;2494530
14;Least developed countries;941;579682;657216;744191;836615;941131;1057438;252568;289574;327804;371114;416432;467924;526016;253708;290108;329412;373077;420183;473207;531422
15;Land-locked Developing Countries (LLDC);1636;298698;333947;374685;420661;473817;533143;131642;148354;165593;185930;208698;234664;264412;134210;150345;168354;188755;211963;239153;268731
16;Small island developing States (SIDS);1637;53769;57577;61002;65206;68810;72028;24858;26853;28747;30480;32734;34588;36304;24913;26916;28830;30521;32472;34222;35724
17;High-income countries;1503;1065242;1098780;1135351;1177929;1212054;1238417;507042;524650;541460;560854;584201;602334;616907;523349;540593;557321;574497;593728;609720;621510
18;Middle-income countries;1517;4326140;4640682;4941374;5244984;5561737;5867349;2022710;2192391;2351430;2504310;2658070;2816609;2969627;1968863;2133749;2289252;2437064;2586914;2745128;2897722
19; Upper-middle-income countries;1502;2365034;2483516;2589938;2695485;2811079;2913154;1121608;1191119;1250151;1304013;1357177;1414522;1464474;1103761;1173915;1233365;1285925;1338308;1396557;1448679
20; Lower-middle-income countries;1501;1961106;2157165;2351435;2549498;2750658;2954195;901102;1001272;1101279;1200297;1300893;1402087;1505153;865102;959834;1055887;1151139;1248606;1348571;1449042
21;Low-income countries;1500;350774;401768;462680;531260;603234;686089;150213;174086;199429;230093;264140;300400;342004;153177;176688;202340;232587;267120;302835;344086
22; AFRICA;903;717270;810984;916154;1039304;1182439;1340598;314377;357598;404163;456648;518253;590281;669878;315972;359673;406821;459506;521051;592158;670720
23;Eastern Africa;910;223934;257353;295185;339318;389671;445406;97877;110939;127369;146040;167966;193128;221040;99291;112995;129985;149145;171352;196543;224366
24; Burundi;108;5987;6379;7365;8676;10160;11891;2665;2925;3132;3629;4288;5031;5900;2774;3062;3247;3736;4388;5129;5991
25; Comoros;174;475;542;612;690;777;870;206;239;273;308;348;392;439;205;237;270;304;342;385;431
26; Djibouti;262;630;718;783;840;914;988;297;317;361;394;447;483;519;293;313;357;390;393;431;469
27; Eritrea;232;2204;2292;2827;3170;3343;3546;1130;1097;1141;1410;1584;1674;1778;1129;1107;1151;1416;1586;1668;1769
28; Ethiopia;231;57048;66225;76346;87640;100835;114964;23880;28441;33019;38074;43727;50409;57517;24007;28607;33205;38272;43912;50427;57447
29; Kenya;404;27768;31965;36625;42031;47878;53771;11820;13811;15867;18172;20869;23783;26719;11905;13958;16098;18453;21162;24096;27053
30; Madagascar;450;13475;15767;18337;21152;24234;27691;5791;6716;7850;9130;10536;12082;13815;5808;6760;7916;9206;10615;12152;13876
31; Malawi;454;9844;11149;12626;14540;16745;19130;4662;4883;5504;6215;7154;8250;9434;4742;4962;5645;6411;7385;8495;9696
32; Mauritius*;480;1129;1185;1222;1248;1259;1272;527;563;588;606;619;624;627;529;566;597;616;629;636;644
33; Mayotte*;175;123;150;178;209;240;273;48;63;76;88;102;118;134;46;61;74;90;107;122;139
34; Mozambique;508;15483;17712;20494;23532;27042;31255;6205;7381;8469;9848;11351;13092;15188;6782;8102;9243;10646;12180;13950;16067
35; R�union*;638;674;737;792;831;863;895;299;329;360;388;402;418;433;312;345;377;403;428;445;462
36; Rwanda;646;5836;7934;8840;10039;11369;12952;3595;2838;3876;4326;4921;5583;6367;3694;2998;4058;4515;5118;5786;6585
37; Seychelles;690;77;81;89;91;95;98;35;38;40;44;47;49;50;35;38;41;44;44;46;48
38; Somalia;706;7492;8872;10447;12044;13797;15893;3630;3757;4443;5226;6016;6883;7924;3595;3735;4429;5220;6028;6914;7969
39; South Sudan;728;5118;6199;7536;9508;10716;11194;2730;2546;3088;3760;4752;5360;5603;2763;2572;3112;3776;4756;5355;5591
40; Uganda;800;20413;23650;27685;32428;38225;45741;8619;10085;11643;13639;15915;18776;22547;8736;10328;12007;14046;16513;19450;23194
41; United Republic of Tanzania*;834;29649;33499;38450;44347;51483;59734;12541;14752;16661;19138;22119;25696;29851;12663;14897;16838;19312;22227;25787;29883
42; Zambia;894;9097;10416;11856;13606;15879;18384;4006;4518;5164;5861;6719;7857;9103;4031;4579;5252;5995;6887;8022;9281
43; Zimbabwe;716;11411;11881;12077;12698;13815;14863;5191;5641;5814;5784;6049;6569;7092;5241;5770;6067;6293;6649;7246;7771
44;Middle Africa;911;83775;96116;112008;131622;154203;179595;35103;41558;47729;55693;65530;76881;89622;35752;42217;48387;56316;66092;77323;89973
45; Angola;24;13945;16395;19434;23356;27884;32866;5937;6960;8155;9639;11549;13791;16261;5912;6985;8240;9794;11807;14093;16605
46; Cameroon;120;13600;15514;17733;20341;23298;26546;5856;6768;7722;8837;10154;11641;13277;5924;6832;7792;8896;10187;11657;13269
47; Central African Republic;140;3223;3640;4038;4387;4493;4830;1382;1589;1795;1996;2172;2227;2394;1424;1634;1845;2043;2215;2267;2436
48; Chad;148;7010;8356;10097;11952;14111;16426;2958;3483;4159;5031;5962;7042;8200;3006;3527;4197;5065;5990;7069;8226
49; Congo;178;2708;3127;3623;4274;4856;5518;1159;1332;1543;1796;2126;2423;2757;1198;1375;1584;1827;2147;2434;2761
50; Democratic Republic of the Congo;180;41576;47106;54786;64564;76245;89561;17079;20574;23359;27222;32142;38020;44710;17533;21003;23747;27564;32422;38225;44851
51; Equatorial Guinea;226;497;606;750;944;1169;1403;208;252;314;398;513;646;780;211;245;292;352;430;523;623
52; Gabon;266;1085;1228;1391;1624;1948;2226;466;535;610;695;822;992;1133;484;550;618;695;802;956;1093
53; Sao Tome and Principe;678;132;142;157;180;199;219;59;65;70;78;90;100;110;60;67;72;80;90;100;109
54;Northern Africa;912;156511;171323;186421;202940;223862;246233;70326;78798;86162;93703;101867;112444;123723;69419;77713;85161;92719;101073;111418;122510
55; Algeria;12;28758;31042;33150;35977;39728;43851;13036;14564;15731;16766;18161;20064;22154;12723;14194;15311;16384;17816;19664;21697
56; Egypt;818;62334;68832;75524;82761;92443;102334;28207;31389;34650;38098;41806;46718;51703;27928;30945;34181;37426;40955;45725;50632
57; Libya;434;4949;5358;5799;6198;6418;6871;2339;2592;2781;2990;3164;3248;3469;2098;2357;2577;2809;3033;3170;3403
58; Morocco;504;26994;28794;30456;32343;34664;36911;12376;13427;14269;15045;15947;17171;18317;12432;13567;14525;15410;16397;17493;18594
59; Sudan;729;24095;27275;30950;34545;38903;43849;10103;12085;13677;15515;17232;19425;21907;10044;12010;13598;15434;17313;19478;21942
60; Tunisia;788;9125;9708;10107;10635;11180;11819;4152;4609;4889;5058;5303;5542;5861;4091;4517;4819;5048;5332;5638;5958
61; Western Sahara;732;256;314;438;480;526;597;114;133;164;231;253;276;312;103;123;150;207;227;250;285
62;Southern Africa;913;47358;51444;54645;58383;62985;67504;20758;23312;25293;26871;28737;31023;33214;21288;24046;26151;27774;29646;31962;34290
63; Botswana;72;1469;1643;1799;1987;2121;2352;615;706;795;875;972;1021;1139;671;763;848;924;1015;1100;1213
64; Eswatini;748;927;1005;1031;1065;1104;1160;389;442;483;489;502;532;570;433;485;522;541;563;572;590
65; Lesotho;426;1899;2033;1996;1996;2059;2142;778;923;977;964;970;1012;1057;926;976;1056;1032;1026;1047;1085
66; Namibia;516;1628;1795;1938;2119;2315;2541;690;785;865;935;1024;1120;1232;743;843;929;1003;1095;1194;1309
67; South Africa;710;41436;44968;47881;51217;55386;59309;18286;20455;22172;23607;25270;27337;29216;18515;20980;22796;24273;25947;28049;30093
68;Western Africa;914;205692;234749;267895;307040;351718;401861;90312;102991;117611;134342;154153;176806;202280;90223;102700;117138;133553;152888;174911;199581
69; Benin;204;5906;6866;7982;9199;10576;12123;2424;2895;3383;3955;4569;5270;6054;2555;3011;3483;4027;4630;5306;6069
70; Burkina Faso;854;10090;11608;13422;15605;18111;20903;4306;4943;5702;6622;7738;9019;10445;4505;5147;5906;6800;7868;9092;10459
71; Cabo Verde;132;386;428;463;493;525;556;160;186;206;225;246;263;279;178;201;222;238;247;262;277
72; C�te d'Ivoire;384;14200;16455;18355;20533;23226;26378;6208;7369;8479;9379;10427;11747;13300;5717;6831;7976;8975;10106;11479;13078
73; Gambia;270;1129;1318;1544;1793;2086;2417;477;564;656;767;890;1035;1199;479;564;661;777;903;1051;1218
74; Ghana;288;17014;19279;21815;24780;27849;31073;7438;8581;9731;11019;12533;14105;15750;7335;8433;9548;10795;12246;13744;15323
75; Guinea;324;7270;8241;9110;10192;11432;13133;3049;3484;3934;4343;4858;5475;6353;3303;3786;4307;4766;5334;5957;6780
76; Guinea-Bissau;624;1089;1201;1345;1523;1737;1968;471;527;581;649;738;846;963;504;562;620;696;785;891;1005
77; Liberia;430;2045;2848;3218;3891;4472;5058;1032;1017;1420;1609;1948;2244;2543;1044;1028;1428;1609;1943;2229;2515
78; Mali;466;9586;10946;12776;15049;17439;20251;4171;4740;5428;6358;7517;8720;10145;4279;4845;5518;6417;7532;8719;10106
79; Mauritania;478;2314;2630;3024;3494;4046;4650;1010;1146;1308;1508;1747;2028;2335;1024;1167;1322;1516;1747;2019;2315
80; Niger;562;9490;11332;13624;16464;20002;24207;3925;4672;5613;6783;8227;10030;12170;4102;4818;5718;6841;8237;9972;12036
81; Nigeria;566;107948;122284;138865;158503;181137;206140;47897;54345;61648;70121;80161;91721;104470;47316;53603;60635;68744;78342;89417;101670
82; Saint Helena*;654;6;6;5;5;6;6;..;..;..;..;..;..;..;..;..;..;..;..;..;..
83; Senegal;686;8690;9798;11090;12678;14578;16744;3746;4311;4813;5417;6172;7089;8171;3780;4380;4984;5673;6506;7489;8573
84; Sierra Leone;694;4304;4585;5646;6416;7172;7977;2133;2130;2274;2805;3193;3574;3981;2187;2174;2311;2841;3223;3598;3996
85; Togo;768;4226;4924;5612;6422;7323;8279;1862;2080;2432;2777;3186;3639;4119;1913;2147;2493;2835;3236;3685;4159
86; ASIA;935;3493087;3741263;3977986;4209594;4433475;4641055;1648968;1785949;1912363;2035224;2155312;2268503;2373462;1577131;1707138;1828900;1942763;2054281;2164973;2267593
87;Central Asia;5500;53169;55346;58450;62805;68480;74339;24617;26207;27264;28817;31018;33869;36812;25506;26963;28082;29632;31787;34611;37527
88; Kazakhstan;398;15839;14923;15403;16252;17572;18777;7952;7673;7177;7419;7856;8508;9113;8432;8166;7746;7984;8397;9064;9664
89; Kyrgyzstan;417;4566;4921;5075;5422;5959;6524;2145;2253;2433;2516;2680;2948;3227;2228;2314;2488;2560;2743;3011;3297
90; Tajikistan;762;5765;6216;6789;7527;8454;9538;2619;2876;3114;3413;3798;4265;4806;2665;2889;3103;3376;3730;4189;4732
91; Turkmenistan;795;4208;4516;4755;5087;5565;6031;1810;2072;2223;2339;2503;2740;2969;1874;2136;2293;2416;2585;2825;3062
92; Uzbekistan;860;22791;24770;26428;28516;30930;33469;10091;11333;12317;13130;14182;15407;16697;10307;11458;12453;13297;14334;15523;16772
93;Eastern Asia;906;1464565;1519781;1564192;1604859;1645184;1678090;711282;747554;775571;798705;819646;839695;855476;682053;717011;744211;765487;785214;805489;822614
94; China*;156;1240921;1290551;1330776;1368811;1406848;1439324;603859;636687;662188;683486;703414;722508;738247;573024;604234;628363;647290;665397;684340;701076
95; China, Hong Kong SAR*;344;6084;6606;6770;6966;7186;7497;2910;3052;3250;3252;3277;3333;3440;2818;3032;3357;3517;3690;3853;4057
96; China, Macao SAR*;446;386;428;483;538;602;649;170;187;205;229;258;289;312;174;199;223;253;280;313;337
97; China, Taiwan Province of China*;158;21356;21967;22706;23188;23557;23817;10534;10912;11159;11494;11654;11766;11834;9945;10444;10808;11212;11533;11791;11982
98; Dem. People's Republic of Korea;408;21862;22929;23904;24549;25184;25779;9859;10658;11178;11670;11995;12314;12608;10434;11204;11751;12234;12554;12870;13170
99; Japan;392;126365;127524;128326;128542;127985;126476;61357;62190;62625;62886;62875;62537;61753;63148;64176;64900;65441;65668;65448;64723
100; Mongolia;496;2298;2397;2526;2720;2998;3278;1078;1138;1196;1257;1349;1482;1615;1106;1160;1202;1270;1371;1516;1663
101; Republic of Korea;410;45293;47379;48701;49546;50823;51269;21514;22730;23772;24431;24825;25466;25666;21404;22563;23607;24270;24721;25357;25603
102;South-Eastern Asia;920;485655;525008;561156;596947;634306;668620;221821;242088;261486;279657;298345;316954;333932;222643;243567;263521;281499;298603;317352;334688
103; Brunei Darussalam;96;297;333;365;389;415;437;136;155;169;186;201;216;227;122;142;164;179;188;199;210
104; Cambodia;116;10656;12155;13273;14312;15521;16719;4335;5173;5907;6442;6972;7570;8162;4641;5483;6248;6831;7340;7951;8557
105; Indonesia;360;196934;211514;226289;241834;258383;273524;91096;98510;105854;113592;121821;130133;137718;90317;98424;105660;112697;120014;128250;135806
106; Lao People's Democratic Republic;418;4846;5324;5752;6249;6741;7276;2130;2417;2650;2846;3099;3381;3652;2129;2430;2674;2906;3150;3360;3624
107; Malaysia*;458;20488;23194;25691;28208;30271;32366;9172;10428;11818;13168;14550;15585;16631;8858;10059;11376;12523;13658;14686;15735
108; Myanmar;104;43902;46720;48950;50601;52681;54410;20124;21351;22630;23672;24399;25392;26220;21211;22550;24090;25278;26202;27289;28190
109; Philippines;608;69784;77992;86326;93967;102113;109581;31268;35201;39281;43387;47398;51389;55029;30627;34583;38711;42940;46569;50724;54552
110; Singapore;702;3526;4029;4266;5131;5592;5850;1516;1790;2066;2156;2675;2926;3062;1497;1736;1963;2110;2456;2666;2788
111; Thailand;764;59467;62953;65416;67195;68715;69800;28018;29538;31094;32174;32931;33559;33966;28540;29930;31858;33242;34264;35155;35834
112; Timor-Leste;626;844;884;995;1094;1196;1318;373;426;447;503;553;605;666;365;418;438;493;541;592;652
113; Viet Nam;704;74910;79910;83833;87968;92677;97339;33653;37098;39570;41532;43746;46197;48598;34336;37812;40340;42301;44221;46480;48740
114;Southern Asia;5501;1323030;1456569;1588624;1712555;1827847;1940370;615915;685275;754263;822613;885445;943628;1000786;573947;637756;702307;766011;827111;884219;939584
115; Afghanistan;4;18111;20780;25654;29186;34414;38928;6345;9393;10690;13240;14936;17686;19976;6068;8718;10090;12415;14250;16727;18952
116; Bangladesh;50;115170;127658;139036;147575;156256;164689;53216;59294;65595;71222;75016;79217;83259;49956;55876;62063;67814;72560;77039;81430
117; Bhutan;64;535;591;649;686;728;772;273;274;302;340;360;384;410;258;261;289;309;325;344;362
118; India;356;963923;1056576;1147610;1234281;1310152;1380004;453257;500831;549388;597052;642164;681223;717101;420020;463092;507188;550558;592117;628929;662903
119; Iran (Islamic Republic of);364;61443;65623;69762;73763;78492;83993;28745;31304;33388;35490;37180;39730;42408;27622;30138;32236;34273;36582;38762;41585
120; Maldives;462;254;279;320;366;455;541;114;129;141;167;199;271;343;109;126;138;153;167;184;198
121; Nepal;524;21576;23941;25745;27013;27015;29137;9396;10903;11920;12788;13297;12398;13348;9510;10673;12021;12957;13717;14617;15788
122; Pakistan;586;123777;142344;160304;179425;199427;220892;55821;63985;73474;82676;92427;102641;113672;51827;59792;68870;77628;86998;96786;107220
123; Sri Lanka;144;18243;18778;19545;20262;20908;21413;8748;9163;9366;9638;9866;10078;10267;8578;9080;9412;9907;10395;10830;11146
124;Western Asia;922;166667;184559;205564;232427;257658;279637;75333;84826;93779;105431;120860;134356;146457;72983;81841;90779;100133;111567;123302;133180
125; Armenia;51;3217;3070;2981;2877;2926;2963;1715;1524;1441;1402;1346;1375;1394;1823;1693;1629;1579;1531;1550;1569
126; Azerbaijan*;31;7775;8123;8539;9032;9623;10139;3541;3797;3971;4207;4475;4789;5065;3701;3978;4151;4332;4557;4834;5075
127; Bahrain;48;564;665;889;1241;1372;1702;286;325;381;534;774;847;1100;210;239;283;355;467;525;601
128; Cyprus*;196;855;943;1028;1113;1161;1207;389;432;475;520;556;581;604;378;424;468;507;557;580;604
129; Georgia*;268;4976;4362;4210;4099;4024;3989;2572;2355;2072;2007;1953;1922;1901;2838;2621;2290;2203;2146;2102;2088
130; Iraq;368;20149;23498;26922;29742;35572;40223;8785;10160;11852;13600;15022;17984;20358;8634;9990;11645;13323;14720;17589;19865
131; Israel;376;5271;5946;6529;7346;7978;8656;2220;2603;2930;3221;3628;3956;4308;2228;2668;3016;3309;3718;4022;4347
132; Jordan;400;4589;5122;5766;7262;9267;10203;1868;2400;2655;2975;3704;4693;5166;1698;2189;2467;2791;3558;4573;5037
133; Kuwait;414;1606;2045;2270;2992;3836;4271;1191;933;1195;1340;1730;2256;2614;905;673;850;930;1262;1580;1656
134; Lebanon;422;3528;3843;4699;4953;6533;6825;1383;1754;1915;2391;2516;3288;3436;1420;1774;1928;2308;2437;3245;3390
135; Oman;512;2204;2268;2511;3041;4267;5107;1009;1307;1273;1420;1835;2783;3370;803;897;995;1091;1207;1484;1736
136; Qatar;634;513;592;865;1856;2566;2881;319;338;386;585;1419;1950;2165;157;175;206;281;437;615;716
137; Saudi Arabia;682;18639;20664;23816;27421;31718;34814;9087;10336;11248;13261;15427;18041;20131;7147;8303;9415;10555;11994;13677;14683
138; State of Palestine*;275;2619;3224;3578;4056;4529;5101;1065;1329;1637;1817;2058;2298;2587;1036;1290;1587;1761;1998;2231;2514
139; Syrian Arab Republic;760;14345;16411;18361;21363;17997;17501;6292;7256;8302;9368;10785;9066;8760;6154;7090;8109;8993;10577;8931;8741
140; Turkey;792;58486;63240;67903;72327;78529;84339;26630;28836;31144;33420;35564;38650;41636;27291;29650;32096;34484;36763;39879;42703
141; United Arab Emirates;784;2415;3134;4588;8550;9263;9890;1198;1604;2117;3229;6396;6521;6836;630;812;1017;1359;2154;2742;3054
142; Yemen;887;14913;17409;20107;23155;26498;29826;5782;7537;8783;10134;11672;13356;15025;5928;7376;8626;9973;11483;13142;14801
143; EUROPE;908;726994;725558;729288;736413;743059;747636;347005;350136;349427;351223;354615;358183;361061;373854;376859;376131;378064;381798;384876;386575
144;Eastern Europe;923;309435;303918;297501;294873;294391;293013;146842;146744;143818;140214;138614;138435;137830;162967;162691;160101;157287;156259;155956;155183
145; Belarus;112;10078;9872;9562;9421;9439;9449;4761;4725;4634;4464;4380;4392;4399;5390;5353;5238;5098;5041;5047;5050
146; Bulgaria;100;8379;7998;7687;7425;7200;6948;4357;4102;3898;3741;3616;3502;3374;4484;4277;4100;3946;3809;3698;3574
147; Czechia;203;10358;10289;10258;10537;10601;10709;5020;5033;5006;4997;5172;5209;5273;5321;5325;5284;5262;5365;5392;5436
148; Hungary;348;10349;10221;10086;9927;9778;9660;4984;4944;4862;4786;4710;4647;4598;5393;5405;5358;5300;5217;5131;5062
149; Poland;616;38459;38557;38369;38330;38034;37847;18485;18706;18718;18577;18532;18435;18338;19476;19753;19839;19792;19798;19599;19509
150; Republic of Moldova*;498;4341;4203;4159;4086;4071;4034;2081;2073;2011;1992;1964;1956;1932;2285;2267;2191;2167;2122;2114;2102
151; Romania;642;22965;22137;21417;20472;19925;19238;11580;11284;10830;10439;9940;9700;9354;11910;11681;11308;10979;10532;10225;9884
152; Russian Federation;643;148227;146405;143672;143479;144985;145934;69061;69530;68503;66851;66541;67171;67640;78471;78698;77902;76821;76938;77814;78294
153; Slovakia;703;5375;5399;5399;5404;5436;5460;2581;2616;2622;2617;2621;2641;2658;2707;2760;2778;2781;2783;2794;2801
154; Ukraine*;804;50904;48838;46891;45792;44922;43734;23933;23732;22734;21750;21137;20782;20263;27530;27172;26104;25141;24655;24140;23471
155;Northern Europe;924;93177;94454;96307;100398;103519;106261;44789;45345;46050;47127;49283;50984;52487;47247;47832;48404;49180;51115;52535;53774
156; Channel Islands*;830;143;148;152;160;165;174;68;70;72;74;79;82;86;72;74;76;77;81;84;88
157; Denmark*;208;5233;5341;5422;5555;5689;5792;2536;2585;2643;2685;2756;2829;2879;2605;2648;2698;2736;2799;2860;2913
158; Estonia;233;1433;1399;1356;1332;1315;1327;732;663;653;630;620;615;628;833;770;747;726;712;700;698
159; Faroe Islands*;234;46;47;48;48;48;49;..;..;..;..;..;..;..;..;..;..;..;..;..;..
160; Finland*;246;5119;5188;5259;5366;5481;5541;2425;2493;2533;2574;2633;2698;2732;2572;2626;2655;2685;2732;2784;2808
161; Iceland;352;268;280;295;320;330;341;128;134;140;148;161;166;171;127;133;140;147;159;165;170
162; Ireland;372;3592;3783;4141;4554;4652;4938;1747;1784;1880;2067;2263;2303;2451;1764;1808;1903;2074;2291;2350;2486
163; Isle of Man*;833;72;77;80;85;83;85;..;..;..;..;..;..;..;..;..;..;..;..;..;..
164; Latvia;428;2508;2384;2252;2119;1998;1886;1241;1156;1096;1032;970;916;869;1423;1353;1289;1219;1149;1082;1017
165; Lithuania;440;3627;3502;3344;3124;2932;2722;1749;1709;1639;1554;1438;1350;1260;1947;1918;1863;1791;1686;1582;1462
166; Norway*;578;4367;4499;4632;4886;5200;5421;2100;2160;2229;2298;2442;2618;2740;2147;2207;2270;2334;2443;2582;2681
167; Sweden;752;8836;8882;9039;9390;9765;10099;4232;4366;4392;4482;4677;4881;5059;4335;4470;4489;4557;4713;4884;5040
168; United Kingdom*;826;57932;58923;60288;63460;65860;67886;27772;28167;28712;29517;31175;32461;33542;29362;29765;30212;30770;32285;33399;34344
169;Southern Europe;925;144332;144847;149676;153016;153065;152215;70196;70467;70716;73241;74754;74663;74369;73308;73866;74131;76435;78262;78402;77846
170; Albania;8;3113;3129;3087;2948;2891;2878;1683;1534;1584;1552;1485;1471;1465;1603;1579;1546;1535;1463;1419;1413
171; Andorra;20;64;65;79;84;78;77;..;..;..;..;..;..;..;..;..;..;..;..;..;..
172; Bosnia and Herzegovina;70;3829;3751;3765;3705;3429;3281;2210;1878;1842;1850;1820;1681;1607;2253;1951;1910;1916;1886;1748;1674
173; Croatia;191;4617;4428;4378;4328;4233;4105;2316;2233;2132;2108;2085;2035;1979;2461;2384;2296;2270;2244;2197;2126
174; Gibraltar*;292;29;31;33;34;34;34;..;..;..;..;..;..;..;..;..;..;..;..;..;..
175; Greece;300;10746;11082;11225;10888;10660;10423;5070;5339;5508;5556;5349;5233;5116;5156;5406;5574;5668;5539;5427;5307
176; Holy See*;336;1;1;1;1;1;1;..;..;..;..;..;..;..;..;..;..;..;..;..;..
177; Italy;380;57174;56692;58281;59325;60578;60462;27733;27752;27435;28296;28705;29394;29438;29316;29422;29258;29985;30621;31184;31024
178; Malta;470;377;394;405;414;434;442;178;186;195;201;206;217;221;184;191;198;204;209;217;220
179; Montenegro;499;620;614;616;624;627;628;306;308;303;303;308;310;311;309;312;310;313;316;317;317
180; North Macedonia;807;1983;2035;2060;2071;2079;2083;1004;995;1019;1030;1035;1040;1042;992;988;1015;1031;1036;1039;1041
181; Portugal;620;10091;10297;10508;10596;10368;10197;4763;4861;4966;5080;5071;4910;4824;5132;5230;5331;5429;5525;5458;5373
182; San Marino;674;26;27;29;31;33;34;..;..;..;..;..;..;..;..;..;..;..;..;..;..
183; Serbia*;688;9884;9488;9194;8991;8877;8737;4698;4871;4656;4501;4406;4351;4280;4820;5014;4832;4693;4585;4526;4458
184; Slovenia;705;1991;1988;1995;2043;2071;2079;975;966;972;975;1012;1029;1035;1031;1025;1016;1019;1031;1042;1044
185; Spain*;724;39787;40825;44019;46931;46672;46755;19204;19481;20041;21716;23196;22916;22978;19999;20306;20784;22303;23735;23756;23776
186;Western Europe;926;180050;182339;185804;188126;192084;196146;85177;87579;88843;90641;91965;94101;96375;90332;92471;93496;95163;96162;97984;99772
187; Austria;40;7990;8069;8254;8410;8679;9006;3695;3856;3916;4012;4099;4249;4440;4029;4134;4153;4242;4311;4430;4567
188; Belgium;56;10186;10282;10547;10939;11288;11590;4896;4986;5035;5174;5372;5549;5744;5111;5200;5247;5373;5567;5739;5845
189; France*;250;57802;59015;61120;62880;64453;65274;27577;28087;28625;29590;30459;31231;31589;29090;29715;30390;31530;32421;33222;33684
190; Germany;276;81139;81401;81603;80827;81787;83784;38146;39343;39641;39873;39619;40225;41416;40908;41796;41760;41729;41208;41563;42368
191; Liechtenstein;438;31;33;35;36;37;38;..;..;..;..;..;..;..;..;..;..;..;..;..;..
192; Luxembourg;442;408;436;458;508;567;626;187;200;215;226;252;284;317;195;208;221;232;256;282;309
193; Monaco;492;31;32;34;36;38;39;..;..;..;..;..;..;..;..;..;..;..;..;..;..
194; Netherlands*;528;15468;15926;16367;16683;16938;17135;7402;7661;7889;8116;8284;8420;8537;7563;7807;8037;8251;8399;8518;8598
195; Switzerland;756;6996;7144;7387;7809;8297;8655;3248;3417;3490;3616;3845;4106;4294;3405;3579;3653;3771;3964;4191;4361
196; LATIN AMERICA AND THE CARIBBEAN;904;483018;521836;557501;591352;623934;653962;219608;238982;257773;274945;291416;307137;321629;223232;244036;264064;282556;299936;316797;332334
197;Caribbean;915;36162;38102;39746;41217;42622;43532;16905;17930;18859;19676;20391;21071;21494;17153;18233;19243;20070;20827;21552;22038
198; Anguilla*;660;10;11;12;13;14;15;..;..;..;..;..;..;..;..;..;..;..;..;..;..
199; Antigua and Barbuda;28;69;76;81;88;94;98;30;33;36;39;42;45;47;32;36;40;43;46;49;51
200; Aruba*;533;80;91;100;102;104;107;31;40;44;48;48;50;51;31;41;47;52;53;55;56
201; Bahamas;44;280;298;325;355;374;393;127;138;145;158;172;182;191;129;142;153;167;183;193;202
202; Barbados;52;266;272;276;282;285;287;126;128;130;133;135;138;139;135;138;141;144;147;148;148
203; Bonaire, Sint Eustatius and Saba*;535;15;14;14;21;25;26;..;..;..;..;..;..;..;..;..;..;..;..;..;..
204; British Virgin Islands*;92;19;20;23;28;29;30;..;..;..;..;..;..;..;..;..;..;..;..;..;..
205; Cayman Islands*;136;32;42;49;57;62;66;..;..;..;..;..;..;..;..;..;..;..;..;..;..
206; Cuba;192;10888;11126;11262;11226;11325;11327;5307;5447;5547;5613;5584;5628;5623;5290;5441;5579;5648;5642;5697;5703
207; Cura�ao*;531;144;132;130;149;160;164;70;68;62;61;69;73;75;76;76;70;69;81;87;89
208; Dominica;212;71;70;71;71;71;72;..;..;..;..;..;..;..;..;..;..;..;..;..;..
209; Dominican Republic;214;7819;8471;9097;9695;10282;10848;3589;3926;4245;4576;4866;5147;5418;3544;3893;4227;4522;4829;5134;5430
210; Grenada;308;100;103;105;106;110;113;48;50;51;52;54;55;57;49;51;52;52;53;54;56
211; Guadeloupe*;312;404;422;403;406;400;400;190;196;204;190;189;185;185;199;208;218;213;218;215;216
212; Haiti;332;7745;8464;9195;9949;10696;11403;3461;3811;4168;4531;4907;5280;5626;3577;3934;4296;4664;5042;5416;5776
213; Jamaica;388;2534;2655;2740;2810;2891;2961;1194;1254;1320;1358;1398;1437;1470;1226;1280;1334;1382;1413;1454;1492
214; Martinique*;474;369;387;397;395;378;375;173;176;182;185;182;175;173;185;193;205;212;212;203;203
215; Montserrat*;500;10;5;5;5;5;5;..;..;..;..;..;..;..;..;..;..;..;..;..;..
216; Puerto Rico*;630;3568;3669;3632;3580;3382;2861;1646;1719;1764;1741;1719;1618;1356;1758;1849;1905;1891;1861;1764;1505
217; Saint Barth�lemy*;652;6;7;9;9;10;10;..;..;..;..;..;..;..;..;..;..;..;..;..;..
218; Saint Kitts and Nevis;659;42;44;47;49;51;53;..;..;..;..;..;..;..;..;..;..;..;..;..;..
219; Saint Lucia;662;147;157;163;174;179;184;68;72;77;80;86;88;90;70;75;80;83;88;91;93
220; Saint Martin (French part)*;663;27;29;34;38;36;39;..;..;..;..;..;..;..;..;..;..;..;..;..;..
221; Saint Vincent and the Grenadines;670;108;108;109;108;109;111;53;54;54;55;55;56;56;54;54;53;54;53;54;55
222; Sint Maarten (Dutch part)*;534;31;33;33;34;40;43;..;..;..;..;..;..;..;..;..;..;..;..;..;..
223; Trinidad and Tobago;780;1254;1267;1296;1328;1370;1399;609;625;631;643;658;678;691;613;629;636;653;670;693;709
224; Turks and Caicos Islands*;796;16;20;28;33;36;39;..;..;..;..;..;..;..;..;..;..;..;..;..;..
225; United States Virgin Islands*;850;107;109;108;106;105;104;51;52;53;52;51;50;50;53;55;56;56;55;55;55
226;Central America;916;124554;135322;145951;157591;168949;179670;56161;61349;66528;71514;77241;82776;88051;57223;63205;68794;74436;80351;86173;91619
227; Belize;84;207;247;284;322;361;398;95;104;125;143;161;180;198;93;103;123;141;161;181;200
228; Costa Rica;188;3546;3962;4286;4577;4848;5094;1571;1783;1989;2149;2293;2426;2545;1548;1763;1974;2137;2285;2422;2549
229; El Salvador;222;5629;5888;6052;6184;6325;6486;2571;2732;2836;2889;2926;2974;3036;2699;2897;3052;3164;3257;3351;3450
230; Guatemala;320;10408;11651;13096;14630;16252;17916;4603;5136;5717;6423;7186;7995;8827;4661;5273;5934;6674;7444;8257;9088
231; Honduras;340;5709;6575;7459;8317;9113;9905;2461;2836;3270;3715;4149;4550;4949;2494;2873;3305;3744;4169;4563;4956
232; Mexico;484;91663;98900;106005;114093;121858;128933;41540;45071;48558;51837;55826;59594;63071;42403;46592;50342;54168;58267;62264;65861
233; Nicaragua;558;4652;5069;5439;5824;6223;6625;2070;2304;2507;2684;2869;3067;3265;2103;2348;2562;2755;2955;3156;3360
234; Panama;591;2740;3030;3330;3643;3968;4315;1249;1382;1527;1676;1830;1990;2160;1222;1357;1503;1654;1812;1978;2155
235;South America;931;322302;348412;371805;392544;412363;430760;146542;159704;172385;183755;193785;203290;212083;148856;162598;176026;188050;198759;209073;218677
236; Argentina;32;34828;36871;38893;40896;43075;45196;15885;16945;17895;18897;19899;20989;22049;16734;17884;18976;19996;20997;22086;23147
237; Bolivia (Plurinational State of);68;7622;8418;9232;10049;10870;11673;3452;3836;4235;4648;5056;5463;5858;3413;3786;4183;4585;4992;5406;5815
238; Brazil;76;162020;174790;186127;195714;204472;212559;74078;80415;86582;92002;96536;100658;104436;74925;81605;88209;94125;99177;103814;108124
239; Chile;152;14381;15342;16183;17063;17969;19116;6520;7071;7548;7963;8397;8845;9426;6755;7310;7794;8220;8666;9125;9691
240; Colombia;170;36421;39630;42648;45223;47521;50883;16315;17896;19427;20901;22160;23289;24985;16787;18525;20203;21747;23063;24232;25898
241; Ecuador;218;11455;12681;13826;15011;16212;17643;5144;5755;6365;6934;7520;8115;8824;5087;5700;6316;6892;7491;8097;8819
242; Falkland Islands (Malvinas)*;238;3;3;3;3;3;3;..;..;..;..;..;..;..;..;..;..;..;..;..;..
243; French Guiana*;254;137;163;203;233;261;299;60;71;84;101;116;129;148;55;66;79;102;117;132;151
244; Guyana;328;761;747;746;749;767;787;367;375;372;374;372;384;396;377;387;375;372;377;384;391
245; Paraguay;600;4777;5323;5824;6248;6689;7133;2139;2421;2701;2957;3178;3404;3624;2084;2355;2622;2867;3070;3285;3508
246; Peru;604;24299;26460;27866;29028;30471;32972;10978;12102;13191;13893;14474;15133;16379;11093;12197;13269;13973;14554;15337;16593
247; Suriname;740;442;471;499;529;559;587;206;224;238;252;267;281;295;199;217;233;248;263;278;292
248; Uruguay;858;3224;3320;3322;3359;3412;3474;1508;1562;1607;1602;1619;1646;1678;1601;1662;1713;1719;1740;1766;1795
249; Venezuela (Bolivarian Republic of);862;21931;24192;26432;28440;30082;28436;9889;11029;12140;13230;14190;14953;13985;9744;10902;12053;13202;14250;15129;14451
250; NORTHERN AMERICA;905;294454;312427;327287;343287;357031;368870;137269;144781;153979;161579;169617;176639;182581;142516;149673;158448;165708;173670;180392;186289
251; Bermuda*;60;63;65;66;65;64;62;..;..;..;..;..;..;..;..;..;..;..;..;..;..
252; Canada;124;29164;30588;32164;34148;36027;37742;13657;14438;15152;15945;16942;17864;18732;13885;14726;15436;16219;17206;18163;19010
253; Greenland*;304;56;56;57;57;56;57;..;..;..;..;..;..;..;..;..;..;..;..;..;..
254; Saint Pierre and Miquelon*;666;6;6;6;6;6;6;..;..;..;..;..;..;..;..;..;..;..;..;..;..
255; United States of America*;840;265164;281711;294994;309011;320878;331003;123549;130279;138762;145568;152611;158712;163786;128571;134885;142949;149425;156401;162166;167217
256; OCEANIA ;909;29390;31425;33690;36873;39859;42678;13668;14696;15729;16866;18490;19954;21363;13630;14694;15696;16824;18383;19905;21314
257;Australia and New Zealand;927;21668;22850;24314;26525;28547;30322;10128;10762;11368;12096;13225;14194;15069;10231;10906;11483;12218;13300;14353;15253
258; Australia*;36;17993;18991;20179;22155;23932;25500;8455;8951;9474;10070;11079;11925;12699;8506;9042;9518;10108;11075;12007;12801
259; New Zealand*;554;3675;3859;4135;4370;4615;4822;1673;1811;1894;2026;2146;2269;2370;1726;1864;1965;2110;2224;2346;2452
260;Melanesia;928;6683;7473;8232;9188;10122;11123;3041;3400;3801;4188;4675;5157;5671;2932;3283;3673;4044;4513;4965;5452
261; Fiji;242;775;811;822;860;869;896;370;394;412;419;439;441;454;358;381;399;403;421;427;442
262; New Caledonia*;540;193;217;236;254;271;285;87;99;110;119;128;137;143;83;94;107;117;126;134;142
263; Papua New Guinea;598;5187;5848;6495;7311;8108;8947;2348;2636;2972;3303;3720;4134;4568;2267;2551;2875;3192;3591;3973;4379
264; Solomon Islands;90;359;413;470;528;603;687;160;185;212;240;268;307;349;152;175;201;230;260;297;338
265; Vanuatu;548;168;185;209;236;271;307;75;86;95;107;120;138;156;71;82;90;103;116;134;151
266;Micronesia;954;455;485;498;504;523;549;216;233;244;252;255;265;277;201;222;241;247;249;258;272
267; Guam*;316;146;155;158;159;162;169;70;76;79;81;81;82;85;61;70;76;78;78;80;84
268; Kiribati;296;78;84;92;103;111;119;36;39;42;45;51;54;59;37;39;43;47;52;56;61
269; Marshall Islands;584;50;51;55;56;57;59;..;..;..;..;..;..;..;..;..;..;..;..;..;..
270; Micronesia (Fed. States of);583;108;107;106;103;109;115;49;55;54;54;52;55;58;47;53;53;52;51;54;57
271; Nauru;520;11;10;10;10;10;11;..;..;..;..;..;..;..;..;..;..;..;..;..;..
272; Northern Mariana Islands*;580;46;57;57;54;56;58;..;..;..;..;..;..;..;..;..;..;..;..;..;..
273; Palau;585;17;19;20;18;18;18;..;..;..;..;..;..;..;..;..;..;..;..;..;..
274;Polynesia*;957;583;616;646;657;667;684;284;301;317;330;335;339;347;266;283;299;316;322;328;337
275; American Samoa*;16;53;58;60;56;56;55;..;..;..;..;..;..;..;..;..;..;..;..;..;..
276; Cook Islands*;184;19;18;19;18;18;18;..;..;..;..;..;..;..;..;..;..;..;..;..;..
277; French Polynesia*;258;218;241;259;266;273;281;104;113;124;133;136;139;142;96;105;117;126;130;134;139
278; Niue*;570;2;2;2;2;2;2;..;..;..;..;..;..;..;..;..;..;..;..;..;..
279; Samoa;882;170;174;180;186;194;198;85;88;91;93;96;100;103;78;82;84;87;90;93;96
280; Tokelau*;772;2;2;1;1;1;1;..;..;..;..;..;..;..;..;..;..;..;..;..;..
281; Tonga;776;96;98;101;104;101;106;48;49;50;51;52;50;53;47;47;48;50;52;50;53
282; Tuvalu;798;9;9;10;11;11;12;..;..;..;..;..;..;..;..;..;..;..;..;..;..
283; Wallis and Futuna Islands*;876;14;15;15;13;12;11;..;..;..;..;..;..;..;..;..;..;..;..;..;..
